q_0,q_1,q_2,q_3,q_4,q_5,q_6,q_7,q_8,total,severity
2,0,0,1,0,0,1,0,0,4,None or Minimal
0,0,0,1,0,0,2,0,0,3,None or Minimal
0,0,2,1,0,0,1,0,0,4,None or Minimal
1,0,0,0,0,0,1,0,1,3,None or Minimal
0,2,0,0,0,1,1,0,0,4,None or Minimal
0,0,1,0,2,1,0,0,0,4,None or Minimal
1,0,0,0,1,0,0,0,1,3,None or Minimal
0,3,0,0,0,0,0,1,0,4,None or Minimal
0,0,0,1,0,1,0,1,0,3,None or Minimal
1,1,0,0,0,1,1,0,0,4,None or Minimal
0,1,0,1,1,0,0,0,0,3,None or Minimal
0,0,3,0,0,0,0,1,0,4,None or Minimal
1,0,0,1,0,0,0,0,0,2,None or Minimal
0,0,2,0,1,1,0,0,0,4,None or Minimal
0,2,0,0,0,2,0,0,0,4,None or Minimal
0,0,0,1,2,0,0,0,1,4,None or Minimal
0,0,0,0,3,0,0,0,0,3,None or Minimal
0,0,1,1,0,1,0,0,0,3,None or Minimal
0,0,0,2,0,0,1,1,0,4,None or Minimal
0,1,0,0,0,2,0,1,0,4,None or Minimal
2,2,1,0,2,0,0,0,0,7,Mild
0,0,0,0,0,2,2,3,0,7,Mild
1,1,2,0,1,1,0,0,2,8,Mild
0,0,1,1,3,1,0,1,1,8,Mild
0,1,2,0,0,1,1,1,0,6,Mild
0,1,3,1,0,3,0,0,1,9,Mild
0,1,1,1,0,0,0,2,0,5,Mild
0,2,1,1,0,1,1,2,0,8,Mild
0,1,0,0,0,0,2,2,0,5,Mild
1,0,2,3,0,1,0,0,2,9,Mild
2,2,1,0,1,1,0,0,1,8,Mild
0,0,0,2,3,1,2,1,0,9,Mild
3,1,0,0,1,0,0,0,0,5,Mild
1,0,0,0,0,0,2,2,3,8,Mild
1,0,0,2,0,3,1,2,0,9,Mild
1,0,0,2,0,0,0,3,3,9,Mild
1,2,0,0,1,2,3,0,0,9,Mild
0,1,2,0,3,0,1,0,2,9,Mild
0,0,1,0,3,0,3,0,2,9,Mild
2,0,0,1,1,0,0,0,2,6,Mild
1,1,1,1,3,0,2,3,2,14,Moderate
3,1,1,0,2,0,1,2,0,10,Moderate
1,0,1,3,1,2,0,0,2,10,Moderate
2,1,1,0,1,3,1,2,3,14,Moderate
0,2,3,2,3,0,1,0,1,12,Moderate
3,2,1,3,0,2,0,0,1,12,Moderate
1,1,3,1,2,2,0,0,3,13,Moderate
1,3,0,2,2,1,2,0,0,11,Moderate
3,3,0,0,3,2,0,1,0,12,Moderate
3,0,0,1,3,1,3,1,1,13,Moderate
0,2,2,0,1,1,3,1,0,10,Moderate
2,2,2,2,0,0,3,1,0,12,Moderate
3,0,3,2,1,3,1,1,0,14,Moderate
0,2,1,0,2,3,3,0,0,11,Moderate
1,2,0,1,2,3,1,1,1,12,Moderate
1,1,3,2,1,0,3,1,1,13,Moderate
3,1,1,2,2,1,1,0,0,11,Moderate
0,0,2,2,3,0,3,2,0,12,Moderate
3,3,3,0,0,1,0,1,3,14,Moderate
3,1,1,0,0,0,3,2,1,11,Moderate
0,2,3,2,2,1,3,3,0,16,Moderately Severe
1,1,3,0,3,3,2,2,2,17,Moderately Severe
3,2,1,1,3,1,0,3,1,15,Moderately Severe
3,1,3,3,0,2,1,2,0,15,Moderately Severe
2,0,2,3,0,2,2,2,3,16,Moderately Severe
2,0,2,0,3,2,3,3,2,17,Moderately Severe
3,1,3,1,2,1,1,1,2,15,Moderately Severe
3,1,3,3,3,0,1,1,1,16,Moderately Severe
3,0,1,1,3,0,3,3,1,15,Moderately Severe
0,3,1,1,0,3,2,3,2,15,Moderately Severe
1,2,1,1,3,1,3,0,3,15,Moderately Severe
0,2,1,2,3,3,0,2,2,15,Moderately Severe
3,3,3,0,2,0,0,3,1,15,Moderately Severe
3,1,1,2,3,2,0,3,1,16,Moderately Severe
2,1,2,2,0,3,3,3,0,16,Moderately Severe
3,3,3,3,1,1,0,1,0,15,Moderately Severe
0,2,1,1,1,3,3,2,3,16,Moderately Severe
0,3,1,2,0,0,3,3,3,15,Moderately Severe
2,3,1,2,1,1,0,3,2,15,Moderately Severe
0,2,2,3,1,3,2,2,0,15,Moderately Severe
3,1,3,2,2,0,3,3,3,20,Severe
2,3,2,2,1,3,3,3,3,22,Severe
3,2,3,3,1,3,3,1,3,22,Severe
2,1,0,3,3,3,3,3,2,20,Severe
0,3,2,3,2,3,1,3,3,20,Severe
1,2,3,2,2,2,3,2,3,20,Severe
2,3,3,2,1,3,2,2,2,20,Severe
1,3,3,3,0,3,3,1,3,20,Severe
2,3,3,3,3,0,3,3,3,23,Severe
3,2,1,1,3,2,3,2,3,20,Severe
3,3,2,3,3,1,1,3,1,20,Severe
2,3,3,2,3,1,2,3,2,21,Severe
2,0,3,3,3,2,2,2,3,20,Severe
2,3,3,1,3,3,0,3,3,21,Severe
3,3,2,1,3,1,2,3,3,21,Severe
3,3,2,3,2,2,3,1,3,22,Severe
3,1,3,3,2,2,3,3,2,22,Severe
1,2,2,3,3,3,3,3,0,20,Severe
3,2,3,3,3,2,0,2,2,20,Severe
3,0,2,2,3,3,2,3,3,21,Severe
