narrative_raw,q_0,q_1,q_2,q_3,q_4,q_5,q_6,q_7,q_8,severity_score,severity_qual,pronoun,person_condition
"Over the past two weeks, this person has never had little interest or pleasure in doing things. This person has felt down, depressed, or hopeless more than half the days. This person has had trouble falling or staying asleep, or sleeping too much more than half the days. This person has never felt tired or having little energy. This person has never had poor appetite or overeaten. This person has never felt bad about themselves — or that this person am a failure or have let themselves or their family down. This person has never had trouble concentrating on things, such as reading the newspaper or watching television. This person has never moved or spoken so slowly that other people could have noticed. This person has never had thoughts that this person would be better off dead or of hurting themselves in some way.",0,2,2,0,0,0,0,0,0,4,None or Minimal,this person,none
"Over the past two weeks, this person has never had little interest or pleasure in doing things. This person has never felt down, depressed, or hopeless. This person has never had trouble falling or staying asleep, or sleeping too much. This person has never felt tired or having little energy. This person has had poor appetite or overeaten several days. This person has never felt bad about themselves — or that this person am a failure or have let themselves or their family down. This person has had trouble concentrating on things, such as reading the newspaper or watching television several days. This person has moved or spoken so slowly that other people could have noticed more than half the days. This person has never had thoughts that this person would be better off dead or of hurting themselves in some way.",0,0,0,0,1,0,1,2,0,4,None or Minimal,this person,none
"Over the past two weeks, this person has never had little interest or pleasure in doing things. This person has never felt down, depressed, or hopeless. This person has never had trouble falling or staying asleep, or sleeping too much. This person has never felt tired or having little energy. This person has had poor appetite or overeaten several days. This person has never felt bad about themselves — or that this person am a failure or have let themselves or their family down. This person has had trouble concentrating on things, such as reading the newspaper or watching television several days. This person has never moved or spoken so slowly that other people could have noticed. This person has had thoughts that this person would be better off dead or of hurting themselves in some way several days.",0,0,0,0,1,0,1,0,1,3,None or Minimal,this person,none
"Over the past two weeks, this person has never had little interest or pleasure in doing things. This person has never felt down, depressed, or hopeless. This person has had trouble falling or staying asleep, or sleeping too much several days. This person has never felt tired or having little energy. This person has never had poor appetite or overeaten. This person has never felt bad about themselves — or that this person am a failure or have let themselves or their family down. This person has never had trouble concentrating on things, such as reading the newspaper or watching television. This person has moved or spoken so slowly that other people could have noticed several days. This person has never had thoughts that this person would be better off dead or of hurting themselves in some way.",0,0,1,0,0,0,0,1,0,2,None or Minimal,this person,none
"Over the past two weeks, this person has never had little interest or pleasure in doing things. This person has never felt down, depressed, or hopeless. This person has had trouble falling or staying asleep, or sleeping too much nearly every day. This person has never felt tired or having little energy. This person has never had poor appetite or overeaten. This person has never felt bad about themselves — or that this person am a failure or have let themselves or their family down. This person has had trouble concentrating on things, such as reading the newspaper or watching television several days. This person has never moved or spoken so slowly that other people could have noticed. This person has never had thoughts that this person would be better off dead or of hurting themselves in some way.",0,0,3,0,0,0,1,0,0,4,None or Minimal,this person,none
"Over the past two weeks, this person has never had little interest or pleasure in doing things. This person has felt down, depressed, or hopeless several days. This person has never had trouble falling or staying asleep, or sleeping too much. This person has never felt tired or having little energy. This person has never had poor appetite or overeaten. This person has never felt bad about themselves — or that this person am a failure or have let themselves or their family down. This person has never had trouble concentrating on things, such as reading the newspaper or watching television. This person has never moved or spoken so slowly that other people could have noticed. This person has had thoughts that this person would be better off dead or of hurting themselves in some way nearly every day.",0,1,0,0,0,0,0,0,3,4,None or Minimal,this person,none
"Over the past two weeks, this person has never had little interest or pleasure in doing things. This person has never felt down, depressed, or hopeless. This person has had trouble falling or staying asleep, or sleeping too much several days. This person has never felt tired or having little energy. This person has had poor appetite or overeaten several days. This person has never felt bad about themselves — or that this person am a failure or have let themselves or their family down. This person has had trouble concentrating on things, such as reading the newspaper or watching television more than half the days. This person has never moved or spoken so slowly that other people could have noticed. This person has never had thoughts that this person would be better off dead or of hurting themselves in some way.",0,0,1,0,1,0,2,0,0,4,None or Minimal,this person,none
"Over the past two weeks, this person has never had little interest or pleasure in doing things. This person has felt down, depressed, or hopeless several days. This person has never had trouble falling or staying asleep, or sleeping too much. This person has never felt tired or having little energy. This person has never had poor appetite or overeaten. This person has never felt bad about themselves — or that this person am a failure or have let themselves or their family down. This person has never had trouble concentrating on things, such as reading the newspaper or watching television. This person has never moved or spoken so slowly that other people could have noticed. This person has had thoughts that this person would be better off dead or of hurting themselves in some way several days.",0,1,0,0,0,0,0,0,1,2,None or Minimal,this person,none
"Over the past two weeks, this person has had little interest or pleasure in doing things several days. This person has felt down, depressed, or hopeless several days. This person has never had trouble falling or staying asleep, or sleeping too much. This person has never felt tired or having little energy. This person has never had poor appetite or overeaten. This person has felt bad about themselves — or that this person am a failure or have let themselves or their family down several days. This person has had trouble concentrating on things, such as reading the newspaper or watching television several days. This person has never moved or spoken so slowly that other people could have noticed. This person has never had thoughts that this person would be better off dead or of hurting themselves in some way.",1,1,0,0,0,1,1,0,0,4,None or Minimal,this person,none
"Over the past two weeks, this person has never had little interest or pleasure in doing things. This person has never felt down, depressed, or hopeless. This person has never had trouble falling or staying asleep, or sleeping too much. This person has never felt tired or having little energy. This person has had poor appetite or overeaten nearly every day. This person has felt bad about themselves — or that this person am a failure or have let themselves or their family down several days. This person has never had trouble concentrating on things, such as reading the newspaper or watching television. This person has never moved or spoken so slowly that other people could have noticed. This person has never had thoughts that this person would be better off dead or of hurting themselves in some way.",0,0,0,0,3,1,0,0,0,4,None or Minimal,this person,none
"Over the past two weeks, this person has never had little interest or pleasure in doing things. This person has never felt down, depressed, or hopeless. This person has never had trouble falling or staying asleep, or sleeping too much. This person has felt tired or having little energy several days. This person has had poor appetite or overeaten several days. This person has never felt bad about themselves — or that this person am a failure or have let themselves or their family down. This person has never had trouble concentrating on things, such as reading the newspaper or watching television. This person has never moved or spoken so slowly that other people could have noticed. This person has had thoughts that this person would be better off dead or of hurting themselves in some way more than half the days.",0,0,0,1,1,0,0,0,2,4,None or Minimal,this person,none
"Over the past two weeks, this person has never had little interest or pleasure in doing things. This person has never felt down, depressed, or hopeless. This person has never had trouble falling or staying asleep, or sleeping too much. This person has felt tired or having little energy several days. This person has had poor appetite or overeaten several days. This person has never felt bad about themselves — or that this person am a failure or have let themselves or their family down. This person has had trouble concentrating on things, such as reading the newspaper or watching television more than half the days. This person has never moved or spoken so slowly that other people could have noticed. This person has never had thoughts that this person would be better off dead or of hurting themselves in some way.",0,0,0,1,1,0,2,0,0,4,None or Minimal,this person,none
"Over the past two weeks, this person has never had little interest or pleasure in doing things. This person has felt down, depressed, or hopeless several days. This person has never had trouble falling or staying asleep, or sleeping too much. This person has felt tired or having little energy several days. This person has had poor appetite or overeaten several days. This person has never felt bad about themselves — or that this person am a failure or have let themselves or their family down. This person has never had trouble concentrating on things, such as reading the newspaper or watching television. This person has moved or spoken so slowly that other people could have noticed several days. This person has never had thoughts that this person would be better off dead or of hurting themselves in some way.",0,1,0,1,1,0,0,1,0,4,None or Minimal,this person,none
"Over the past two weeks, this person has never had little interest or pleasure in doing things. This person has never felt down, depressed, or hopeless. This person has had trouble falling or staying asleep, or sleeping too much several days. This person has felt tired or having little energy several days. This person has had poor appetite or overeaten several days. This person has never felt bad about themselves — or that this person am a failure or have let themselves or their family down. This person has never had trouble concentrating on things, such as reading the newspaper or watching television. This person has moved or spoken so slowly that other people could have noticed several days. This person has never had thoughts that this person would be better off dead or of hurting themselves in some way.",0,0,1,1,1,0,0,1,0,4,None or Minimal,this person,none
"Over the past two weeks, this person has never had little interest or pleasure in doing things. This person has never felt down, depressed, or hopeless. This person has had trouble falling or staying asleep, or sleeping too much several days. This person has never felt tired or having little energy. This person has never had poor appetite or overeaten. This person has felt bad about themselves — or that this person am a failure or have let themselves or their family down several days. This person has had trouble concentrating on things, such as reading the newspaper or watching television several days. This person has never moved or spoken so slowly that other people could have noticed. This person has had thoughts that this person would be better off dead or of hurting themselves in some way several days.",0,0,1,0,0,1,1,0,1,4,None or Minimal,this person,none
"Over the past two weeks, this person has never had little interest or pleasure in doing things. This person has never felt down, depressed, or hopeless. This person has never had trouble falling or staying asleep, or sleeping too much. This person has never felt tired or having little energy. This person has had poor appetite or overeaten nearly every day. This person has never felt bad about themselves — or that this person am a failure or have let themselves or their family down. This person has never had trouble concentrating on things, such as reading the newspaper or watching television. This person has moved or spoken so slowly that other people could have noticed several days. This person has never had thoughts that this person would be better off dead or of hurting themselves in some way.",0,0,0,0,3,0,0,1,0,4,None or Minimal,this person,none
"Over the past two weeks, this person has never had little interest or pleasure in doing things. This person has never felt down, depressed, or hopeless. This person has never had trouble falling or staying asleep, or sleeping too much. This person has felt tired or having little energy several days. This person has never had poor appetite or overeaten. This person has never felt bad about themselves — or that this person am a failure or have let themselves or their family down. This person has had trouble concentrating on things, such as reading the newspaper or watching television several days. This person has never moved or spoken so slowly that other people could have noticed. This person has had thoughts that this person would be better off dead or of hurting themselves in some way more than half the days.",0,0,0,1,0,0,1,0,2,4,None or Minimal,this person,none
"Over the past two weeks, this person has had little interest or pleasure in doing things several days. This person has never felt down, depressed, or hopeless. This person has had trouble falling or staying asleep, or sleeping too much several days. This person has never felt tired or having little energy. This person has never had poor appetite or overeaten. This person has never felt bad about themselves — or that this person am a failure or have let themselves or their family down. This person has had trouble concentrating on things, such as reading the newspaper or watching television several days. This person has moved or spoken so slowly that other people could have noticed several days. This person has never had thoughts that this person would be better off dead or of hurting themselves in some way.",1,0,1,0,0,0,1,1,0,4,None or Minimal,this person,none
"Over the past two weeks, this person has never had little interest or pleasure in doing things. This person has never felt down, depressed, or hopeless. This person has never had trouble falling or staying asleep, or sleeping too much. This person has felt tired or having little energy nearly every day. This person has never had poor appetite or overeaten. This person has never felt bad about themselves — or that this person am a failure or have let themselves or their family down. This person has never had trouble concentrating on things, such as reading the newspaper or watching television. This person has never moved or spoken so slowly that other people could have noticed. This person has had thoughts that this person would be better off dead or of hurting themselves in some way several days.",0,0,0,3,0,0,0,0,1,4,None or Minimal,this person,none
"Over the past two weeks, this person has never had little interest or pleasure in doing things. This person has never felt down, depressed, or hopeless. This person has never had trouble falling or staying asleep, or sleeping too much. This person has felt tired or having little energy several days. This person has never had poor appetite or overeaten. This person has never felt bad about themselves — or that this person am a failure or have let themselves or their family down. This person has had trouble concentrating on things, such as reading the newspaper or watching television several days. This person has never moved or spoken so slowly that other people could have noticed. This person has never had thoughts that this person would be better off dead or of hurting themselves in some way.",0,0,0,1,0,0,1,0,0,2,None or Minimal,this person,none
"Over the past two weeks, this person has never had little interest or pleasure in doing things. This person has felt down, depressed, or hopeless several days. This person has had trouble falling or staying asleep, or sleeping too much more than half the days. This person has never felt tired or having little energy. This person has had poor appetite or overeaten several days. This person has felt bad about themselves — or that this person am a failure or have let themselves or their family down more than half the days. This person has never had trouble concentrating on things, such as reading the newspaper or watching television. This person has never moved or spoken so slowly that other people could have noticed. This person has had thoughts that this person would be better off dead or of hurting themselves in some way more than half the days.",0,1,2,0,1,2,0,0,2,8,Mild,this person,none
"Over the past two weeks, this person has never had little interest or pleasure in doing things. This person has felt down, depressed, or hopeless several days. This person has had trouble falling or staying asleep, or sleeping too much nearly every day. This person has felt tired or having little energy several days. This person has had poor appetite or overeaten several days. This person has felt bad about themselves — or that this person am a failure or have let themselves or their family down more than half the days. This person has never had trouble concentrating on things, such as reading the newspaper or watching television. This person has never moved or spoken so slowly that other people could have noticed. This person has had thoughts that this person would be better off dead or of hurting themselves in some way several days.",0,1,3,1,1,2,0,0,1,9,Mild,this person,none
"Over the past two weeks, this person has had little interest or pleasure in doing things several days. This person has felt down, depressed, or hopeless nearly every day. This person has had trouble falling or staying asleep, or sleeping too much several days. This person has never felt tired or having little energy. This person has never had poor appetite or overeaten. This person has felt bad about themselves — or that this person am a failure or have let themselves or their family down nearly every day. This person has never had trouble concentrating on things, such as reading the newspaper or watching television. This person has moved or spoken so slowly that other people could have noticed several days. This person has never had thoughts that this person would be better off dead or of hurting themselves in some way.",1,3,1,0,0,3,0,1,0,9,Mild,this person,none
"Over the past two weeks, this person has had little interest or pleasure in doing things several days. This person has never felt down, depressed, or hopeless. This person has had trouble falling or staying asleep, or sleeping too much nearly every day. This person has felt tired or having little energy more than half the days. This person has never had poor appetite or overeaten. This person has never felt bad about themselves — or that this person am a failure or have let themselves or their family down. This person has never had trouble concentrating on things, such as reading the newspaper or watching television. This person has moved or spoken so slowly that other people could have noticed more than half the days. This person has never had thoughts that this person would be better off dead or of hurting themselves in some way.",1,0,3,2,0,0,0,2,0,8,Mild,this person,none
"Over the past two weeks, this person has had little interest or pleasure in doing things more than half the days. This person has never felt down, depressed, or hopeless. This person has had trouble falling or staying asleep, or sleeping too much nearly every day. This person has never felt tired or having little energy. This person has had poor appetite or overeaten several days. This person has felt bad about themselves — or that this person am a failure or have let themselves or their family down more than half the days. This person has never had trouble concentrating on things, such as reading the newspaper or watching television. This person has moved or spoken so slowly that other people could have noticed several days. This person has never had thoughts that this person would be better off dead or of hurting themselves in some way.",2,0,3,0,1,2,0,1,0,9,Mild,this person,none
"Over the past two weeks, this person has had little interest or pleasure in doing things several days. This person has never felt down, depressed, or hopeless. This person has never had trouble falling or staying asleep, or sleeping too much. This person has felt tired or having little energy nearly every day. This person has had poor appetite or overeaten more than half the days. This person has never felt bad about themselves — or that this person am a failure or have let themselves or their family down. This person has never had trouble concentrating on things, such as reading the newspaper or watching television. This person has never moved or spoken so slowly that other people could have noticed. This person has had thoughts that this person would be better off dead or of hurting themselves in some way several days.",1,0,0,3,2,0,0,0,1,7,Mild,this person,none
"Over the past two weeks, this person has never had little interest or pleasure in doing things. This person has felt down, depressed, or hopeless several days. This person has never had trouble falling or staying asleep, or sleeping too much. This person has never felt tired or having little energy. This person has had poor appetite or overeaten more than half the days. This person has felt bad about themselves — or that this person am a failure or have let themselves or their family down more than half the days. This person has had trouble concentrating on things, such as reading the newspaper or watching television nearly every day. This person has never moved or spoken so slowly that other people could have noticed. This person has never had thoughts that this person would be better off dead or of hurting themselves in some way.",0,1,0,0,2,2,3,0,0,8,Mild,this person,none
"Over the past two weeks, this person has never had little interest or pleasure in doing things. This person has never felt down, depressed, or hopeless. This person has had trouble falling or staying asleep, or sleeping too much nearly every day. This person has never felt tired or having little energy. This person has had poor appetite or overeaten more than half the days. This person has never felt bad about themselves — or that this person am a failure or have let themselves or their family down. This person has had trouble concentrating on things, such as reading the newspaper or watching television several days. This person has never moved or spoken so slowly that other people could have noticed. This person has had thoughts that this person would be better off dead or of hurting themselves in some way nearly every day.",0,0,3,0,2,0,1,0,3,9,Mild,this person,none
"Over the past two weeks, this person has never had little interest or pleasure in doing things. This person has felt down, depressed, or hopeless more than half the days. This person has never had trouble falling or staying asleep, or sleeping too much. This person has felt tired or having little energy nearly every day. This person has had poor appetite or overeaten several days. This person has felt bad about themselves — or that this person am a failure or have let themselves or their family down several days. This person has had trouble concentrating on things, such as reading the newspaper or watching television several days. This person has moved or spoken so slowly that other people could have noticed several days. This person has never had thoughts that this person would be better off dead or of hurting themselves in some way.",0,2,0,3,1,1,1,1,0,9,Mild,this person,none
"Over the past two weeks, this person has never had little interest or pleasure in doing things. This person has felt down, depressed, or hopeless several days. This person has had trouble falling or staying asleep, or sleeping too much several days. This person has never felt tired or having little energy. This person has had poor appetite or overeaten more than half the days. This person has never felt bad about themselves — or that this person am a failure or have let themselves or their family down. This person has had trouble concentrating on things, such as reading the newspaper or watching television several days. This person has moved or spoken so slowly that other people could have noticed more than half the days. This person has had thoughts that this person would be better off dead or of hurting themselves in some way more than half the days.",0,1,1,0,2,0,1,2,2,9,Mild,this person,none
"Over the past two weeks, this person has had little interest or pleasure in doing things several days. This person has felt down, depressed, or hopeless more than half the days. This person has never had trouble falling or staying asleep, or sleeping too much. This person has felt tired or having little energy nearly every day. This person has had poor appetite or overeaten more than half the days. This person has felt bad about themselves — or that this person am a failure or have let themselves or their family down several days. This person has never had trouble concentrating on things, such as reading the newspaper or watching television. This person has never moved or spoken so slowly that other people could have noticed. This person has never had thoughts that this person would be better off dead or of hurting themselves in some way.",1,2,0,3,2,1,0,0,0,9,Mild,this person,none
"Over the past two weeks, this person has never had little interest or pleasure in doing things. This person has felt down, depressed, or hopeless more than half the days. This person has had trouble falling or staying asleep, or sleeping too much several days. This person has felt tired or having little energy more than half the days. This person has never had poor appetite or overeaten. This person has never felt bad about themselves — or that this person am a failure or have let themselves or their family down. This person has had trouble concentrating on things, such as reading the newspaper or watching television more than half the days. This person has moved or spoken so slowly that other people could have noticed several days. This person has had thoughts that this person would be better off dead or of hurting themselves in some way several days.",0,2,1,2,0,0,2,1,1,9,Mild,this person,none
"Over the past two weeks, this person has never had little interest or pleasure in doing things. This person has never felt down, depressed, or hopeless. This person has never had trouble falling or staying asleep, or sleeping too much. This person has felt tired or having little energy several days. This person has had poor appetite or overeaten nearly every day. This person has felt bad about themselves — or that this person am a failure or have let themselves or their family down nearly every day. This person has had trouble concentrating on things, such as reading the newspaper or watching television several days. This person has never moved or spoken so slowly that other people could have noticed. This person has never had thoughts that this person would be better off dead or of hurting themselves in some way.",0,0,0,1,3,3,1,0,0,8,Mild,this person,none
"Over the past two weeks, this person has had little interest or pleasure in doing things nearly every day. This person has never felt down, depressed, or hopeless. This person has had trouble falling or staying asleep, or sleeping too much several days. This person has never felt tired or having little energy. This person has had poor appetite or overeaten several days. This person has felt bad about themselves — or that this person am a failure or have let themselves or their family down several days. This person has never had trouble concentrating on things, such as reading the newspaper or watching television. This person has never moved or spoken so slowly that other people could have noticed. This person has had thoughts that this person would be better off dead or of hurting themselves in some way several days.",3,0,1,0,1,1,0,0,1,7,Mild,this person,none
"Over the past two weeks, this person has never had little interest or pleasure in doing things. This person has felt down, depressed, or hopeless more than half the days. This person has had trouble falling or staying asleep, or sleeping too much several days. This person has felt tired or having little energy several days. This person has never had poor appetite or overeaten. This person has felt bad about themselves — or that this person am a failure or have let themselves or their family down nearly every day. This person has had trouble concentrating on things, such as reading the newspaper or watching television several days. This person has never moved or spoken so slowly that other people could have noticed. This person has never had thoughts that this person would be better off dead or of hurting themselves in some way.",0,2,1,1,0,3,1,0,0,8,Mild,this person,none
"Over the past two weeks, this person has had little interest or pleasure in doing things nearly every day. This person has never felt down, depressed, or hopeless. This person has had trouble falling or staying asleep, or sleeping too much several days. This person has felt tired or having little energy nearly every day. This person has never had poor appetite or overeaten. This person has never felt bad about themselves — or that this person am a failure or have let themselves or their family down. This person has never had trouble concentrating on things, such as reading the newspaper or watching television. This person has never moved or spoken so slowly that other people could have noticed. This person has had thoughts that this person would be better off dead or of hurting themselves in some way more than half the days.",3,0,1,3,0,0,0,0,2,9,Mild,this person,none
"Over the past two weeks, this person has never had little interest or pleasure in doing things. This person has felt down, depressed, or hopeless nearly every day. This person has never had trouble falling or staying asleep, or sleeping too much. This person has felt tired or having little energy several days. This person has never had poor appetite or overeaten. This person has felt bad about themselves — or that this person am a failure or have let themselves or their family down nearly every day. This person has never had trouble concentrating on things, such as reading the newspaper or watching television. This person has never moved or spoken so slowly that other people could have noticed. This person has never had thoughts that this person would be better off dead or of hurting themselves in some way.",0,3,0,1,0,3,0,0,0,7,Mild,this person,none
"Over the past two weeks, this person has had little interest or pleasure in doing things several days. This person has felt down, depressed, or hopeless nearly every day. This person has had trouble falling or staying asleep, or sleeping too much several days. This person has never felt tired or having little energy. This person has had poor appetite or overeaten several days. This person has never felt bad about themselves — or that this person am a failure or have let themselves or their family down. This person has never had trouble concentrating on things, such as reading the newspaper or watching television. This person has never moved or spoken so slowly that other people could have noticed. This person has had thoughts that this person would be better off dead or of hurting themselves in some way more than half the days.",1,3,1,0,1,0,0,0,2,8,Mild,this person,none
"Over the past two weeks, this person has never had little interest or pleasure in doing things. This person has never felt down, depressed, or hopeless. This person has had trouble falling or staying asleep, or sleeping too much more than half the days. This person has felt tired or having little energy nearly every day. This person has never had poor appetite or overeaten. This person has never felt bad about themselves — or that this person am a failure or have let themselves or their family down. This person has had trouble concentrating on things, such as reading the newspaper or watching television more than half the days. This person has never moved or spoken so slowly that other people could have noticed. This person has never had thoughts that this person would be better off dead or of hurting themselves in some way.",0,0,2,3,0,0,2,0,0,7,Mild,this person,none
"Over the past two weeks, this person has never had little interest or pleasure in doing things. This person has never felt down, depressed, or hopeless. This person has never had trouble falling or staying asleep, or sleeping too much. This person has never felt tired or having little energy. This person has had poor appetite or overeaten several days. This person has never felt bad about themselves — or that this person am a failure or have let themselves or their family down. This person has had trouble concentrating on things, such as reading the newspaper or watching television nearly every day. This person has moved or spoken so slowly that other people could have noticed several days. This person has had thoughts that this person would be better off dead or of hurting themselves in some way nearly every day.",0,0,0,0,1,0,3,1,3,8,Mild,this person,none
"Over the past two weeks, this person has never had little interest or pleasure in doing things. This person has felt down, depressed, or hopeless nearly every day. This person has never had trouble falling or staying asleep, or sleeping too much. This person has felt tired or having little energy nearly every day. This person has never had poor appetite or overeaten. This person has felt bad about themselves — or that this person am a failure or have let themselves or their family down several days. This person has had trouble concentrating on things, such as reading the newspaper or watching television several days. This person has moved or spoken so slowly that other people could have noticed several days. This person has had thoughts that this person would be better off dead or of hurting themselves in some way several days.",0,3,0,3,0,1,1,1,1,10,Moderate,this person,none
"Over the past two weeks, this person has had little interest or pleasure in doing things more than half the days. This person has felt down, depressed, or hopeless several days. This person has had trouble falling or staying asleep, or sleeping too much more than half the days. This person has never felt tired or having little energy. This person has had poor appetite or overeaten several days. This person has felt bad about themselves — or that this person am a failure or have let themselves or their family down nearly every day. This person has never had trouble concentrating on things, such as reading the newspaper or watching television. This person has moved or spoken so slowly that other people could have noticed several days. This person has had thoughts that this person would be better off dead or of hurting themselves in some way more than half the days.",2,1,2,0,1,3,0,1,2,12,Moderate,this person,none
"Over the past two weeks, this person has never had little interest or pleasure in doing things. This person has never felt down, depressed, or hopeless. This person has had trouble falling or staying asleep, or sleeping too much several days. This person has felt tired or having little energy nearly every day. This person has had poor appetite or overeaten several days. This person has felt bad about themselves — or that this person am a failure or have let themselves or their family down more than half the days. This person has never had trouble concentrating on things, such as reading the newspaper or watching television. This person has moved or spoken so slowly that other people could have noticed nearly every day. This person has had thoughts that this person would be better off dead or of hurting themselves in some way several days.",0,0,1,3,1,2,0,3,1,11,Moderate,this person,none
"Over the past two weeks, this person has had little interest or pleasure in doing things nearly every day. This person has never felt down, depressed, or hopeless. This person has had trouble falling or staying asleep, or sleeping too much nearly every day. This person has never felt tired or having little energy. This person has had poor appetite or overeaten more than half the days. This person has felt bad about themselves — or that this person am a failure or have let themselves or their family down more than half the days. This person has never had trouble concentrating on things, such as reading the newspaper or watching television. This person has moved or spoken so slowly that other people could have noticed nearly every day. This person has had thoughts that this person would be better off dead or of hurting themselves in some way several days.",3,0,3,0,2,2,0,3,1,14,Moderate,this person,none
"Over the past two weeks, this person has never had little interest or pleasure in doing things. This person has felt down, depressed, or hopeless several days. This person has had trouble falling or staying asleep, or sleeping too much several days. This person has felt tired or having little energy nearly every day. This person has had poor appetite or overeaten more than half the days. This person has felt bad about themselves — or that this person am a failure or have let themselves or their family down several days. This person has had trouble concentrating on things, such as reading the newspaper or watching television more than half the days. This person has moved or spoken so slowly that other people could have noticed several days. This person has had thoughts that this person would be better off dead or of hurting themselves in some way several days.",0,1,1,3,2,1,2,1,1,12,Moderate,this person,none
"Over the past two weeks, this person has never had little interest or pleasure in doing things. This person has felt down, depressed, or hopeless nearly every day. This person has had trouble falling or staying asleep, or sleeping too much several days. This person has felt tired or having little energy more than half the days. This person has never had poor appetite or overeaten. This person has never felt bad about themselves — or that this person am a failure or have let themselves or their family down. This person has had trouble concentrating on things, such as reading the newspaper or watching television nearly every day. This person has moved or spoken so slowly that other people could have noticed several days. This person has had thoughts that this person would be better off dead or of hurting themselves in some way nearly every day.",0,3,1,2,0,0,3,1,3,13,Moderate,this person,none
"Over the past two weeks, this person has had little interest or pleasure in doing things several days. This person has never felt down, depressed, or hopeless. This person has had trouble falling or staying asleep, or sleeping too much more than half the days. This person has felt tired or having little energy nearly every day. This person has had poor appetite or overeaten more than half the days. This person has felt bad about themselves — or that this person am a failure or have let themselves or their family down more than half the days. This person has never had trouble concentrating on things, such as reading the newspaper or watching television. This person has never moved or spoken so slowly that other people could have noticed. This person has had thoughts that this person would be better off dead or of hurting themselves in some way several days.",1,0,2,3,2,2,0,0,1,11,Moderate,this person,none
"Over the past two weeks, this person has never had little interest or pleasure in doing things. This person has felt down, depressed, or hopeless nearly every day. This person has never had trouble falling or staying asleep, or sleeping too much. This person has felt tired or having little energy several days. This person has never had poor appetite or overeaten. This person has felt bad about themselves — or that this person am a failure or have let themselves or their family down nearly every day. This person has had trouble concentrating on things, such as reading the newspaper or watching television several days. This person has moved or spoken so slowly that other people could have noticed nearly every day. This person has had thoughts that this person would be better off dead or of hurting themselves in some way more than half the days.",0,3,0,1,0,3,1,3,2,13,Moderate,this person,none
"Over the past two weeks, this person has had little interest or pleasure in doing things nearly every day. This person has felt down, depressed, or hopeless nearly every day. This person has had trouble falling or staying asleep, or sleeping too much several days. This person has never felt tired or having little energy. This person has had poor appetite or overeaten more than half the days. This person has felt bad about themselves — or that this person am a failure or have let themselves or their family down nearly every day. This person has had trouble concentrating on things, such as reading the newspaper or watching television several days. This person has never moved or spoken so slowly that other people could have noticed. This person has had thoughts that this person would be better off dead or of hurting themselves in some way several days.",3,3,1,0,2,3,1,0,1,14,Moderate,this person,none
"Over the past two weeks, this person has had little interest or pleasure in doing things nearly every day. This person has felt down, depressed, or hopeless several days. This person has had trouble falling or staying asleep, or sleeping too much several days. This person has felt tired or having little energy more than half the days. This person has had poor appetite or overeaten several days. This person has never felt bad about themselves — or that this person am a failure or have let themselves or their family down. This person has had trouble concentrating on things, such as reading the newspaper or watching television several days. This person has never moved or spoken so slowly that other people could have noticed. This person has had thoughts that this person would be better off dead or of hurting themselves in some way nearly every day.",3,1,1,2,1,0,1,0,3,12,Moderate,this person,none
"Over the past two weeks, this person has had little interest or pleasure in doing things several days. This person has felt down, depressed, or hopeless nearly every day. This person has had trouble falling or staying asleep, or sleeping too much several days. This person has felt tired or having little energy nearly every day. This person has had poor appetite or overeaten more than half the days. This person has felt bad about themselves — or that this person am a failure or have let themselves or their family down several days. This person has had trouble concentrating on things, such as reading the newspaper or watching television nearly every day. This person has never moved or spoken so slowly that other people could have noticed. This person has never had thoughts that this person would be better off dead or of hurting themselves in some way.",1,3,1,3,2,1,3,0,0,14,Moderate,this person,none
"Over the past two weeks, this person has never had little interest or pleasure in doing things. This person has felt down, depressed, or hopeless several days. This person has never had trouble falling or staying asleep, or sleeping too much. This person has felt tired or having little energy nearly every day. This person has had poor appetite or overeaten more than half the days. This person has felt bad about themselves — or that this person am a failure or have let themselves or their family down more than half the days. This person has never had trouble concentrating on things, such as reading the newspaper or watching television. This person has moved or spoken so slowly that other people could have noticed more than half the days. This person has had thoughts that this person would be better off dead or of hurting themselves in some way several days.",0,1,0,3,2,2,0,2,1,11,Moderate,this person,none
"Over the past two weeks, this person has had little interest or pleasure in doing things several days. This person has felt down, depressed, or hopeless more than half the days. This person has had trouble falling or staying asleep, or sleeping too much more than half the days. This person has never felt tired or having little energy. This person has never had poor appetite or overeaten. This person has felt bad about themselves — or that this person am a failure or have let themselves or their family down nearly every day. This person has never had trouble concentrating on things, such as reading the newspaper or watching television. This person has moved or spoken so slowly that other people could have noticed several days. This person has had thoughts that this person would be better off dead or of hurting themselves in some way several days.",1,2,2,0,0,3,0,1,1,10,Moderate,this person,none
"Over the past two weeks, this person has had little interest or pleasure in doing things nearly every day. This person has felt down, depressed, or hopeless several days. This person has never had trouble falling or staying asleep, or sleeping too much. This person has felt tired or having little energy nearly every day. This person has had poor appetite or overeaten several days. This person has never felt bad about themselves — or that this person am a failure or have let themselves or their family down. This person has had trouble concentrating on things, such as reading the newspaper or watching television more than half the days. This person has never moved or spoken so slowly that other people could have noticed. This person has never had thoughts that this person would be better off dead or of hurting themselves in some way.",3,1,0,3,1,0,2,0,0,10,Moderate,this person,none
"Over the past two weeks, this person has had little interest or pleasure in doing things several days. This person has felt down, depressed, or hopeless more than half the days. This person has had trouble falling or staying asleep, or sleeping too much more than half the days. This person has never felt tired or having little energy. This person has had poor appetite or overeaten several days. This person has felt bad about themselves — or that this person am a failure or have let themselves or their family down nearly every day. This person has had trouble concentrating on things, such as reading the newspaper or watching television several days. This person has never moved or spoken so slowly that other people could have noticed. This person has never had thoughts that this person would be better off dead or of hurting themselves in some way.",1,2,2,0,1,3,1,0,0,10,Moderate,this person,none
"Over the past two weeks, this person has had little interest or pleasure in doing things more than half the days. This person has felt down, depressed, or hopeless more than half the days. This person has never had trouble falling or staying asleep, or sleeping too much. This person has felt tired or having little energy several days. This person has never had poor appetite or overeaten. This person has felt bad about themselves — or that this person am a failure or have let themselves or their family down nearly every day. This person has had trouble concentrating on things, such as reading the newspaper or watching television several days. This person has moved or spoken so slowly that other people could have noticed nearly every day. This person has had thoughts that this person would be better off dead or of hurting themselves in some way several days.",2,2,0,1,0,3,1,3,1,13,Moderate,this person,none
"Over the past two weeks, this person has had little interest or pleasure in doing things nearly every day. This person has felt down, depressed, or hopeless more than half the days. This person has had trouble falling or staying asleep, or sleeping too much nearly every day. This person has felt tired or having little energy several days. This person has never had poor appetite or overeaten. This person has felt bad about themselves — or that this person am a failure or have let themselves or their family down several days. This person has had trouble concentrating on things, such as reading the newspaper or watching television several days. This person has moved or spoken so slowly that other people could have noticed more than half the days. This person has never had thoughts that this person would be better off dead or of hurting themselves in some way.",3,2,3,1,0,1,1,2,0,13,Moderate,this person,none
"Over the past two weeks, this person has never had little interest or pleasure in doing things. This person has never felt down, depressed, or hopeless. This person has had trouble falling or staying asleep, or sleeping too much nearly every day. This person has felt tired or having little energy several days. This person has had poor appetite or overeaten more than half the days. This person has felt bad about themselves — or that this person am a failure or have let themselves or their family down more than half the days. This person has had trouble concentrating on things, such as reading the newspaper or watching television several days. This person has moved or spoken so slowly that other people could have noticed nearly every day. This person has had thoughts that this person would be better off dead or of hurting themselves in some way several days.",0,0,3,1,2,2,1,3,1,13,Moderate,this person,none
"Over the past two weeks, this person has never had little interest or pleasure in doing things. This person has felt down, depressed, or hopeless several days. This person has never had trouble falling or staying asleep, or sleeping too much. This person has felt tired or having little energy several days. This person has had poor appetite or overeaten nearly every day. This person has felt bad about themselves — or that this person am a failure or have let themselves or their family down several days. This person has had trouble concentrating on things, such as reading the newspaper or watching television several days. This person has never moved or spoken so slowly that other people could have noticed. This person has had thoughts that this person would be better off dead or of hurting themselves in some way nearly every day.",0,1,0,1,3,1,1,0,3,10,Moderate,this person,none
"Over the past two weeks, this person has never had little interest or pleasure in doing things. This person has felt down, depressed, or hopeless nearly every day. This person has had trouble falling or staying asleep, or sleeping too much more than half the days. This person has felt tired or having little energy several days. This person has never had poor appetite or overeaten. This person has felt bad about themselves — or that this person am a failure or have let themselves or their family down nearly every day. This person has never had trouble concentrating on things, such as reading the newspaper or watching television. This person has moved or spoken so slowly that other people could have noticed more than half the days. This person has had thoughts that this person would be better off dead or of hurting themselves in some way nearly every day.",0,3,2,1,0,3,0,2,3,14,Moderate,this person,none
"Over the past two weeks, this person has had little interest or pleasure in doing things several days. This person has felt down, depressed, or hopeless more than half the days. This person has had trouble falling or staying asleep, or sleeping too much more than half the days. This person has felt tired or having little energy nearly every day. This person has had poor appetite or overeaten several days. This person has felt bad about themselves — or that this person am a failure or have let themselves or their family down more than half the days. This person has had trouble concentrating on things, such as reading the newspaper or watching television nearly every day. This person has moved or spoken so slowly that other people could have noticed more than half the days. This person has had thoughts that this person would be better off dead or of hurting themselves in some way more than half the days.",1,2,2,3,1,2,3,2,2,18,Moderately Severe,this person,none
"Over the past two weeks, this person has had little interest or pleasure in doing things nearly every day. This person has felt down, depressed, or hopeless several days. This person has had trouble falling or staying asleep, or sleeping too much several days. This person has felt tired or having little energy more than half the days. This person has had poor appetite or overeaten more than half the days. This person has felt bad about themselves — or that this person am a failure or have let themselves or their family down nearly every day. This person has never had trouble concentrating on things, such as reading the newspaper or watching television. This person has moved or spoken so slowly that other people could have noticed nearly every day. This person has had thoughts that this person would be better off dead or of hurting themselves in some way nearly every day.",3,1,1,2,2,3,0,3,3,18,Moderately Severe,this person,none
"Over the past two weeks, this person has never had little interest or pleasure in doing things. This person has felt down, depressed, or hopeless nearly every day. This person has had trouble falling or staying asleep, or sleeping too much more than half the days. This person has felt tired or having little energy nearly every day. This person has never had poor appetite or overeaten. This person has felt bad about themselves — or that this person am a failure or have let themselves or their family down nearly every day. This person has had trouble concentrating on things, such as reading the newspaper or watching television more than half the days. This person has moved or spoken so slowly that other people could have noticed nearly every day. This person has had thoughts that this person would be better off dead or of hurting themselves in some way nearly every day.",0,3,2,3,0,3,2,3,3,19,Moderately Severe,this person,none
"Over the past two weeks, this person has had little interest or pleasure in doing things more than half the days. This person has felt down, depressed, or hopeless several days. This person has had trouble falling or staying asleep, or sleeping too much nearly every day. This person has never felt tired or having little energy. This person has had poor appetite or overeaten several days. This person has felt bad about themselves — or that this person am a failure or have let themselves or their family down nearly every day. This person has had trouble concentrating on things, such as reading the newspaper or watching television more than half the days. This person has moved or spoken so slowly that other people could have noticed more than half the days. This person has had thoughts that this person would be better off dead or of hurting themselves in some way more than half the days.",2,1,3,0,1,3,2,2,2,16,Moderately Severe,this person,none
"Over the past two weeks, this person has had little interest or pleasure in doing things nearly every day. This person has felt down, depressed, or hopeless several days. This person has had trouble falling or staying asleep, or sleeping too much several days. This person has felt tired or having little energy nearly every day. This person has had poor appetite or overeaten nearly every day. This person has felt bad about themselves — or that this person am a failure or have let themselves or their family down nearly every day. This person has never had trouble concentrating on things, such as reading the newspaper or watching television. This person has moved or spoken so slowly that other people could have noticed nearly every day. This person has had thoughts that this person would be better off dead or of hurting themselves in some way more than half the days.",3,1,1,3,3,3,0,3,2,19,Moderately Severe,this person,none
"Over the past two weeks, this person has had little interest or pleasure in doing things nearly every day. This person has felt down, depressed, or hopeless several days. This person has had trouble falling or staying asleep, or sleeping too much nearly every day. This person has felt tired or having little energy several days. This person has had poor appetite or overeaten more than half the days. This person has felt bad about themselves — or that this person am a failure or have let themselves or their family down more than half the days. This person has never had trouble concentrating on things, such as reading the newspaper or watching television. This person has moved or spoken so slowly that other people could have noticed nearly every day. This person has never had thoughts that this person would be better off dead or of hurting themselves in some way.",3,1,3,1,2,2,0,3,0,15,Moderately Severe,this person,none
"Over the past two weeks, this person has had little interest or pleasure in doing things nearly every day. This person has felt down, depressed, or hopeless more than half the days. This person has had trouble falling or staying asleep, or sleeping too much more than half the days. This person has felt tired or having little energy several days. This person has had poor appetite or overeaten nearly every day. This person has felt bad about themselves — or that this person am a failure or have let themselves or their family down several days. This person has never had trouble concentrating on things, such as reading the newspaper or watching television. This person has moved or spoken so slowly that other people could have noticed nearly every day. This person has had thoughts that this person would be better off dead or of hurting themselves in some way more than half the days.",3,2,2,1,3,1,0,3,2,17,Moderately Severe,this person,none
"Over the past two weeks, this person has had little interest or pleasure in doing things more than half the days. This person has felt down, depressed, or hopeless more than half the days. This person has had trouble falling or staying asleep, or sleeping too much more than half the days. This person has felt tired or having little energy several days. This person has had poor appetite or overeaten nearly every day. This person has felt bad about themselves — or that this person am a failure or have let themselves or their family down nearly every day. This person has had trouble concentrating on things, such as reading the newspaper or watching television several days. This person has moved or spoken so slowly that other people could have noticed several days. This person has never had thoughts that this person would be better off dead or of hurting themselves in some way.",2,2,2,1,3,3,1,1,0,15,Moderately Severe,this person,none
"Over the past two weeks, this person has had little interest or pleasure in doing things more than half the days. This person has felt down, depressed, or hopeless nearly every day. This person has never had trouble falling or staying asleep, or sleeping too much. This person has never felt tired or having little energy. This person has had poor appetite or overeaten nearly every day. This person has felt bad about themselves — or that this person am a failure or have let themselves or their family down more than half the days. This person has had trouble concentrating on things, such as reading the newspaper or watching television nearly every day. This person has moved or spoken so slowly that other people could have noticed more than half the days. This person has never had thoughts that this person would be better off dead or of hurting themselves in some way.",2,3,0,0,3,2,3,2,0,15,Moderately Severe,this person,none
"Over the past two weeks, this person has had little interest or pleasure in doing things more than half the days. This person has felt down, depressed, or hopeless nearly every day. This person has had trouble falling or staying asleep, or sleeping too much several days. This person has felt tired or having little energy more than half the days. This person has had poor appetite or overeaten more than half the days. This person has felt bad about themselves — or that this person am a failure or have let themselves or their family down nearly every day. This person has had trouble concentrating on things, such as reading the newspaper or watching television several days. This person has never moved or spoken so slowly that other people could have noticed. This person has had thoughts that this person would be better off dead or of hurting themselves in some way several days.",2,3,1,2,2,3,1,0,1,15,Moderately Severe,this person,none
"Over the past two weeks, this person has had little interest or pleasure in doing things more than half the days. This person has felt down, depressed, or hopeless more than half the days. This person has had trouble falling or staying asleep, or sleeping too much more than half the days. This person has felt tired or having little energy nearly every day. This person has had poor appetite or overeaten more than half the days. This person has felt bad about themselves — or that this person am a failure or have let themselves or their family down several days. This person has had trouble concentrating on things, such as reading the newspaper or watching television several days. This person has moved or spoken so slowly that other people could have noticed nearly every day. This person has had thoughts that this person would be better off dead or of hurting themselves in some way several days.",2,2,2,3,2,1,1,3,1,17,Moderately Severe,this person,none
"Over the past two weeks, this person has had little interest or pleasure in doing things nearly every day. This person has felt down, depressed, or hopeless more than half the days. This person has had trouble falling or staying asleep, or sleeping too much more than half the days. This person has felt tired or having little energy more than half the days. This person has never had poor appetite or overeaten. This person has felt bad about themselves — or that this person am a failure or have let themselves or their family down nearly every day. This person has never had trouble concentrating on things, such as reading the newspaper or watching television. This person has moved or spoken so slowly that other people could have noticed more than half the days. This person has had thoughts that this person would be better off dead or of hurting themselves in some way nearly every day.",3,2,2,2,0,3,0,2,3,17,Moderately Severe,this person,none
"Over the past two weeks, this person has had little interest or pleasure in doing things more than half the days. This person has felt down, depressed, or hopeless more than half the days. This person has had trouble falling or staying asleep, or sleeping too much more than half the days. This person has never felt tired or having little energy. This person has had poor appetite or overeaten nearly every day. This person has felt bad about themselves — or that this person am a failure or have let themselves or their family down nearly every day. This person has never had trouble concentrating on things, such as reading the newspaper or watching television. This person has moved or spoken so slowly that other people could have noticed nearly every day. This person has had thoughts that this person would be better off dead or of hurting themselves in some way several days.",2,2,2,0,3,3,0,3,1,16,Moderately Severe,this person,none
"Over the past two weeks, this person has had little interest or pleasure in doing things nearly every day. This person has felt down, depressed, or hopeless several days. This person has never had trouble falling or staying asleep, or sleeping too much. This person has felt tired or having little energy more than half the days. This person has had poor appetite or overeaten more than half the days. This person has felt bad about themselves — or that this person am a failure or have let themselves or their family down more than half the days. This person has had trouble concentrating on things, such as reading the newspaper or watching television more than half the days. This person has moved or spoken so slowly that other people could have noticed more than half the days. This person has had thoughts that this person would be better off dead or of hurting themselves in some way several days.",3,1,0,2,2,2,2,2,1,15,Moderately Severe,this person,none
"Over the past two weeks, this person has had little interest or pleasure in doing things nearly every day. This person has felt down, depressed, or hopeless more than half the days. This person has had trouble falling or staying asleep, or sleeping too much several days. This person has felt tired or having little energy several days. This person has had poor appetite or overeaten more than half the days. This person has felt bad about themselves — or that this person am a failure or have let themselves or their family down nearly every day. This person has had trouble concentrating on things, such as reading the newspaper or watching television more than half the days. This person has moved or spoken so slowly that other people could have noticed nearly every day. This person has had thoughts that this person would be better off dead or of hurting themselves in some way several days.",3,2,1,1,2,3,2,3,1,18,Moderately Severe,this person,none
"Over the past two weeks, this person has had little interest or pleasure in doing things more than half the days. This person has never felt down, depressed, or hopeless. This person has had trouble falling or staying asleep, or sleeping too much more than half the days. This person has felt tired or having little energy nearly every day. This person has had poor appetite or overeaten more than half the days. This person has never felt bad about themselves — or that this person am a failure or have let themselves or their family down. This person has never had trouble concentrating on things, such as reading the newspaper or watching television. This person has moved or spoken so slowly that other people could have noticed nearly every day. This person has had thoughts that this person would be better off dead or of hurting themselves in some way nearly every day.",2,0,2,3,2,0,0,3,3,15,Moderately Severe,this person,none
"Over the past two weeks, this person has had little interest or pleasure in doing things nearly every day. This person has felt down, depressed, or hopeless several days. This person has never had trouble falling or staying asleep, or sleeping too much. This person has felt tired or having little energy more than half the days. This person has had poor appetite or overeaten several days. This person has felt bad about themselves — or that this person am a failure or have let themselves or their family down more than half the days. This person has had trouble concentrating on things, such as reading the newspaper or watching television nearly every day. This person has moved or spoken so slowly that other people could have noticed several days. This person has had thoughts that this person would be better off dead or of hurting themselves in some way nearly every day.",3,1,0,2,1,2,3,1,3,16,Moderately Severe,this person,none
"Over the past two weeks, this person has had little interest or pleasure in doing things several days. This person has felt down, depressed, or hopeless more than half the days. This person has had trouble falling or staying asleep, or sleeping too much several days. This person has felt tired or having little energy more than half the days. This person has had poor appetite or overeaten more than half the days. This person has felt bad about themselves — or that this person am a failure or have let themselves or their family down nearly every day. This person has had trouble concentrating on things, such as reading the newspaper or watching television more than half the days. This person has moved or spoken so slowly that other people could have noticed more than half the days. This person has had thoughts that this person would be better off dead or of hurting themselves in some way several days.",1,2,1,2,2,3,2,2,1,16,Moderately Severe,this person,none
"Over the past two weeks, this person has had little interest or pleasure in doing things nearly every day. This person has felt down, depressed, or hopeless nearly every day. This person has had trouble falling or staying asleep, or sleeping too much nearly every day. This person has never felt tired or having little energy. This person has had poor appetite or overeaten several days. This person has felt bad about themselves — or that this person am a failure or have let themselves or their family down nearly every day. This person has never had trouble concentrating on things, such as reading the newspaper or watching television. This person has moved or spoken so slowly that other people could have noticed more than half the days. This person has had thoughts that this person would be better off dead or of hurting themselves in some way more than half the days.",3,3,3,0,1,3,0,2,2,17,Moderately Severe,this person,none
"Over the past two weeks, this person has had little interest or pleasure in doing things more than half the days. This person has felt down, depressed, or hopeless more than half the days. This person has had trouble falling or staying asleep, or sleeping too much more than half the days. This person has felt tired or having little energy more than half the days. This person has had poor appetite or overeaten nearly every day. This person has felt bad about themselves — or that this person am a failure or have let themselves or their family down nearly every day. This person has never had trouble concentrating on things, such as reading the newspaper or watching television. This person has moved or spoken so slowly that other people could have noticed more than half the days. This person has never had thoughts that this person would be better off dead or of hurting themselves in some way.",2,2,2,2,3,3,0,2,0,16,Moderately Severe,this person,none
"Over the past two weeks, this person has had little interest or pleasure in doing things nearly every day. This person has felt down, depressed, or hopeless nearly every day. This person has had trouble falling or staying asleep, or sleeping too much several days. This person has felt tired or having little energy nearly every day. This person has had poor appetite or overeaten nearly every day. This person has felt bad about themselves — or that this person am a failure or have let themselves or their family down more than half the days. This person has had trouble concentrating on things, such as reading the newspaper or watching television several days. This person has moved or spoken so slowly that other people could have noticed nearly every day. This person has had thoughts that this person would be better off dead or of hurting themselves in some way nearly every day.",3,3,1,3,3,2,1,3,3,22,Severe,this person,none
"Over the past two weeks, this person has had little interest or pleasure in doing things nearly every day. This person has felt down, depressed, or hopeless nearly every day. This person has had trouble falling or staying asleep, or sleeping too much more than half the days. This person has felt tired or having little energy nearly every day. This person has had poor appetite or overeaten nearly every day. This person has never felt bad about themselves — or that this person am a failure or have let themselves or their family down. This person has had trouble concentrating on things, such as reading the newspaper or watching television nearly every day. This person has moved or spoken so slowly that other people could have noticed nearly every day. This person has had thoughts that this person would be better off dead or of hurting themselves in some way several days.",3,3,2,3,3,0,3,3,1,21,Severe,this person,none
"Over the past two weeks, this person has had little interest or pleasure in doing things more than half the days. This person has felt down, depressed, or hopeless more than half the days. This person has had trouble falling or staying asleep, or sleeping too much more than half the days. This person has felt tired or having little energy more than half the days. This person has had poor appetite or overeaten nearly every day. This person has felt bad about themselves — or that this person am a failure or have let themselves or their family down nearly every day. This person has had trouble concentrating on things, such as reading the newspaper or watching television more than half the days. This person has moved or spoken so slowly that other people could have noticed nearly every day. This person has had thoughts that this person would be better off dead or of hurting themselves in some way nearly every day.",2,2,2,2,3,3,2,3,3,22,Severe,this person,none
"Over the past two weeks, this person has had little interest or pleasure in doing things more than half the days. This person has felt down, depressed, or hopeless nearly every day. This person has had trouble falling or staying asleep, or sleeping too much more than half the days. This person has felt tired or having little energy nearly every day. This person has had poor appetite or overeaten more than half the days. This person has felt bad about themselves — or that this person am a failure or have let themselves or their family down more than half the days. This person has had trouble concentrating on things, such as reading the newspaper or watching television nearly every day. This person has moved or spoken so slowly that other people could have noticed several days. This person has had thoughts that this person would be better off dead or of hurting themselves in some way nearly every day.",2,3,2,3,2,2,3,1,3,21,Severe,this person,none
"Over the past two weeks, this person has had little interest or pleasure in doing things nearly every day. This person has felt down, depressed, or hopeless nearly every day. This person has had trouble falling or staying asleep, or sleeping too much nearly every day. This person has felt tired or having little energy more than half the days. This person has had poor appetite or overeaten several days. This person has felt bad about themselves — or that this person am a failure or have let themselves or their family down more than half the days. This person has had trouble concentrating on things, such as reading the newspaper or watching television several days. This person has moved or spoken so slowly that other people could have noticed nearly every day. This person has had thoughts that this person would be better off dead or of hurting themselves in some way nearly every day.",3,3,3,2,1,2,1,3,3,21,Severe,this person,none
"Over the past two weeks, this person has had little interest or pleasure in doing things nearly every day. This person has felt down, depressed, or hopeless more than half the days. This person has had trouble falling or staying asleep, or sleeping too much several days. This person has felt tired or having little energy nearly every day. This person has had poor appetite or overeaten nearly every day. This person has felt bad about themselves — or that this person am a failure or have let themselves or their family down nearly every day. This person has had trouble concentrating on things, such as reading the newspaper or watching television more than half the days. This person has moved or spoken so slowly that other people could have noticed several days. This person has had thoughts that this person would be better off dead or of hurting themselves in some way nearly every day.",3,2,1,3,3,3,2,1,3,21,Severe,this person,none
"Over the past two weeks, this person has had little interest or pleasure in doing things nearly every day. This person has felt down, depressed, or hopeless nearly every day. This person has had trouble falling or staying asleep, or sleeping too much nearly every day. This person has felt tired or having little energy several days. This person has had poor appetite or overeaten nearly every day. This person has felt bad about themselves — or that this person am a failure or have let themselves or their family down several days. This person has had trouble concentrating on things, such as reading the newspaper or watching television more than half the days. This person has moved or spoken so slowly that other people could have noticed several days. This person has had thoughts that this person would be better off dead or of hurting themselves in some way nearly every day.",3,3,3,1,3,1,2,1,3,20,Severe,this person,none
"Over the past two weeks, this person has had little interest or pleasure in doing things nearly every day. This person has felt down, depressed, or hopeless more than half the days. This person has had trouble falling or staying asleep, or sleeping too much several days. This person has felt tired or having little energy several days. This person has had poor appetite or overeaten nearly every day. This person has felt bad about themselves — or that this person am a failure or have let themselves or their family down nearly every day. This person has had trouble concentrating on things, such as reading the newspaper or watching television nearly every day. This person has moved or spoken so slowly that other people could have noticed more than half the days. This person has had thoughts that this person would be better off dead or of hurting themselves in some way nearly every day.",3,2,1,1,3,3,3,2,3,21,Severe,this person,none
"Over the past two weeks, this person has had little interest or pleasure in doing things nearly every day. This person has felt down, depressed, or hopeless several days. This person has had trouble falling or staying asleep, or sleeping too much nearly every day. This person has felt tired or having little energy more than half the days. This person has had poor appetite or overeaten more than half the days. This person has felt bad about themselves — or that this person am a failure or have let themselves or their family down more than half the days. This person has had trouble concentrating on things, such as reading the newspaper or watching television more than half the days. This person has moved or spoken so slowly that other people could have noticed nearly every day. This person has had thoughts that this person would be better off dead or of hurting themselves in some way nearly every day.",3,1,3,2,2,2,2,3,3,21,Severe,this person,none
"Over the past two weeks, this person has had little interest or pleasure in doing things nearly every day. This person has felt down, depressed, or hopeless more than half the days. This person has had trouble falling or staying asleep, or sleeping too much nearly every day. This person has felt tired or having little energy several days. This person has had poor appetite or overeaten several days. This person has felt bad about themselves — or that this person am a failure or have let themselves or their family down nearly every day. This person has had trouble concentrating on things, such as reading the newspaper or watching television several days. This person has moved or spoken so slowly that other people could have noticed nearly every day. This person has had thoughts that this person would be better off dead or of hurting themselves in some way nearly every day.",3,2,3,1,1,3,1,3,3,20,Severe,this person,none
"Over the past two weeks, this person has had little interest or pleasure in doing things nearly every day. This person has felt down, depressed, or hopeless nearly every day. This person has had trouble falling or staying asleep, or sleeping too much several days. This person has felt tired or having little energy nearly every day. This person has had poor appetite or overeaten nearly every day. This person has felt bad about themselves — or that this person am a failure or have let themselves or their family down several days. This person has had trouble concentrating on things, such as reading the newspaper or watching television nearly every day. This person has never moved or spoken so slowly that other people could have noticed. This person has had thoughts that this person would be better off dead or of hurting themselves in some way nearly every day.",3,3,1,3,3,1,3,0,3,20,Severe,this person,none
"Over the past two weeks, this person has had little interest or pleasure in doing things more than half the days. This person has felt down, depressed, or hopeless more than half the days. This person has had trouble falling or staying asleep, or sleeping too much nearly every day. This person has felt tired or having little energy nearly every day. This person has had poor appetite or overeaten several days. This person has never felt bad about themselves — or that this person am a failure or have let themselves or their family down. This person has had trouble concentrating on things, such as reading the newspaper or watching television nearly every day. This person has moved or spoken so slowly that other people could have noticed nearly every day. This person has had thoughts that this person would be better off dead or of hurting themselves in some way nearly every day.",2,2,3,3,1,0,3,3,3,20,Severe,this person,none
"Over the past two weeks, this person has had little interest or pleasure in doing things more than half the days. This person has felt down, depressed, or hopeless nearly every day. This person has had trouble falling or staying asleep, or sleeping too much nearly every day. This person has felt tired or having little energy more than half the days. This person has had poor appetite or overeaten more than half the days. This person has felt bad about themselves — or that this person am a failure or have let themselves or their family down more than half the days. This person has had trouble concentrating on things, such as reading the newspaper or watching television nearly every day. This person has moved or spoken so slowly that other people could have noticed nearly every day. This person has never had thoughts that this person would be better off dead or of hurting themselves in some way.",2,3,3,2,2,2,3,3,0,20,Severe,this person,none
"Over the past two weeks, this person has had little interest or pleasure in doing things more than half the days. This person has felt down, depressed, or hopeless nearly every day. This person has had trouble falling or staying asleep, or sleeping too much more than half the days. This person has felt tired or having little energy more than half the days. This person has had poor appetite or overeaten nearly every day. This person has felt bad about themselves — or that this person am a failure or have let themselves or their family down nearly every day. This person has had trouble concentrating on things, such as reading the newspaper or watching television several days. This person has moved or spoken so slowly that other people could have noticed more than half the days. This person has had thoughts that this person would be better off dead or of hurting themselves in some way more than half the days.",2,3,2,2,3,3,1,2,2,20,Severe,this person,none
"Over the past two weeks, this person has had little interest or pleasure in doing things nearly every day. This person has felt down, depressed, or hopeless more than half the days. This person has had trouble falling or staying asleep, or sleeping too much several days. This person has felt tired or having little energy more than half the days. This person has had poor appetite or overeaten more than half the days. This person has felt bad about themselves — or that this person am a failure or have let themselves or their family down nearly every day. This person has had trouble concentrating on things, such as reading the newspaper or watching television nearly every day. This person has moved or spoken so slowly that other people could have noticed nearly every day. This person has had thoughts that this person would be better off dead or of hurting themselves in some way several days.",3,2,1,2,2,3,3,3,1,20,Severe,this person,none
"Over the past two weeks, this person has had little interest or pleasure in doing things nearly every day. This person has felt down, depressed, or hopeless several days. This person has had trouble falling or staying asleep, or sleeping too much more than half the days. This person has felt tired or having little energy more than half the days. This person has had poor appetite or overeaten nearly every day. This person has felt bad about themselves — or that this person am a failure or have let themselves or their family down nearly every day. This person has had trouble concentrating on things, such as reading the newspaper or watching television more than half the days. This person has moved or spoken so slowly that other people could have noticed several days. This person has had thoughts that this person would be better off dead or of hurting themselves in some way nearly every day.",3,1,2,2,3,3,2,1,3,20,Severe,this person,none
"Over the past two weeks, this person has had little interest or pleasure in doing things more than half the days. This person has felt down, depressed, or hopeless several days. This person has had trouble falling or staying asleep, or sleeping too much nearly every day. This person has felt tired or having little energy more than half the days. This person has had poor appetite or overeaten more than half the days. This person has felt bad about themselves — or that this person am a failure or have let themselves or their family down more than half the days. This person has had trouble concentrating on things, such as reading the newspaper or watching television more than half the days. This person has moved or spoken so slowly that other people could have noticed nearly every day. This person has had thoughts that this person would be better off dead or of hurting themselves in some way nearly every day.",2,1,3,2,2,2,2,3,3,20,Severe,this person,none
"Over the past two weeks, this person has had little interest or pleasure in doing things nearly every day. This person has felt down, depressed, or hopeless nearly every day. This person has had trouble falling or staying asleep, or sleeping too much more than half the days. This person has felt tired or having little energy nearly every day. This person has had poor appetite or overeaten nearly every day. This person has felt bad about themselves — or that this person am a failure or have let themselves or their family down nearly every day. This person has had trouble concentrating on things, such as reading the newspaper or watching television nearly every day. This person has moved or spoken so slowly that other people could have noticed more than half the days. This person has had thoughts that this person would be better off dead or of hurting themselves in some way more than half the days.",3,3,2,3,3,3,3,2,2,24,Severe,this person,none
"Over the past two weeks, this person has had little interest or pleasure in doing things nearly every day. This person has felt down, depressed, or hopeless nearly every day. This person has had trouble falling or staying asleep, or sleeping too much nearly every day. This person has felt tired or having little energy nearly every day. This person has had poor appetite or overeaten nearly every day. This person has never felt bad about themselves — or that this person am a failure or have let themselves or their family down. This person has had trouble concentrating on things, such as reading the newspaper or watching television more than half the days. This person has moved or spoken so slowly that other people could have noticed nearly every day. This person has had thoughts that this person would be better off dead or of hurting themselves in some way nearly every day.",3,3,3,3,3,0,2,3,3,23,Severe,this person,none
"Over the past two weeks, this person has had little interest or pleasure in doing things several days. This person has felt down, depressed, or hopeless nearly every day. This person has had trouble falling or staying asleep, or sleeping too much more than half the days. This person has felt tired or having little energy more than half the days. This person has had poor appetite or overeaten nearly every day. This person has felt bad about themselves — or that this person am a failure or have let themselves or their family down nearly every day. This person has had trouble concentrating on things, such as reading the newspaper or watching television nearly every day. This person has never moved or spoken so slowly that other people could have noticed. This person has had thoughts that this person would be better off dead or of hurting themselves in some way nearly every day.",1,3,2,2,3,3,3,0,3,20,Severe,this person,none
